"","縣市","平均醫護人員"
"1","高雄市",10
"2","花蓮縣",13
"3","基隆市",10
"4","嘉義市",11
"5","嘉義縣",14
"6","金門縣",6
"7","連江縣",11
"8","苗栗縣",7
"9","南投縣",7
"10","澎湖縣",6
"11","屏東縣",10
"12","臺北市",11
"13","臺東縣",10
"14","臺南市",9
"15","臺中市",8
"16","桃園市",11
"17","新北市",7
"18","新竹市",10
"19","新竹縣",6
"20","宜蘭縣",12
"21","雲林縣",8
"22","彰化縣",9
